SEQUENCE_NAME	E-VALUE	LENGTH	MOTIF_DIAGRAM
ATTACAATTATAGAA	20.0	15	NA
AAATGTTAAA	31.0	10	NA
CAAATAAAT	56.0	9	9
GAGGACTAAATGAA	64.0	14	1-[+250]-3
AATTCACTTTTTTA	69.0	14	[-27]-3
TAGTGGTTCTTA	80.0	12	NA
TAAAAACCCCTA	85.0	12	1-[+131]-2
CTTTTTTGTTT	89.0	11	NA
AGGTCGATCATGAA	95.0	14	1-[+301]-2
AATCAATCATGTATT	110.0	15	[+301]-4
CCTTCGATCA	120.0	10	10
AAGCTAATAG	130.0	10	10
TATCATTTT	130.0	9	9
GAATTACAACAAGCA	140.0	15	1-[-16]-4
GTTCGATTTTT	140.0	11	NA
ATTGTTAAACTAG	150.0	13	NA
TGATCTGTGTA	150.0	11	NA
TATGACAGT	150.0	9	9
ACAAAGGAGGCT	150.0	12	NA
ATTAGGGGTTT	150.0	11	1-[-141]-1
TGAAGGGGGCA	160.0	11	NA
TCAACAGGAATA	160.0	12	NA
TATATGAATAACGGT	160.0	15	1-[-65]-4
TCGTAGGATGC	160.0	11	[-144]-2
AAAAATAAA	170.0	9	9
AATATTTTA	170.0	9	9
GAAATTATA	180.0	9	9
GTTGTTGGTGTTA	180.0	13	[-131]-4
CACCCTTTTA	180.0	10	10
TAAATATA	180.0	8	8
CATACA	180.0	6	6
CTTAC	180.0	5	5
CC	180.0	2	2
AGGGGGTA	180.0	8	8
TTATTTT	180.0	7	7
ATTAA	180.0	5	5
TACA	180.0	4	4
TATTTAT	180.0	7	7
TGCGACA	180.0	7	7
TGTTG	180.0	5	5
GGTGAT	180.0	6	6
TAATGATG	180.0	8	8
TATCG	180.0	5	5
AAATA	180.0	5	5
ACGAA	180.0	5	5
TAA	180.0	3	3
TTATAT	180.0	6	6
ATC	180.0	3	3
TTAA	180.0	4	4
ATATT	180.0	5	5
CTAACTTT	180.0	8	8
GTAT	180.0	4	4
GAAGATTT	180.0	8	8
GACTAA	180.0	6	6
GTGG	180.0	4	4
TTCT	180.0	4	4
CTTTTT	180.0	6	6
CATTT	180.0	5	5
AAAAATA	180.0	7	7
AATATAT	180.0	7	7
GTCACC	180.0	6	6
TTGTC	180.0	5	5
TAAA	180.0	4	4
TTCATG	180.0	6	6
TTGAA	180.0	5	5
TAAGA	180.0	5	5
AAAGGAG	180.0	7	7
TTATAATG	180.0	8	8
CACTTAAA	180.0	8	8
CGT	180.0	3	3
ACAATTG	180.0	7	7
TTAGAA	180.0	6	6
GGTGC	180.0	5	5
GTAAGT	180.0	6	6
TTA	180.0	3	3
GAAGTA	180.0	6	6
TGGAGG	180.0	6	6
AGC	180.0	3	3
GATTTT	180.0	6	6
AAAT	180.0	4	4
AATAAAAA	180.0	8	8
GCAAT	180.0	5	5
TAAGTAA	180.0	7	7
GTAGG	180.0	5	5
GAAAGT	180.0	6	6
TGCA	180.0	4	4
AAAA	180.0	4	4
TCAAAG	180.0	6	6
TGGGAG	180.0	6	6
CACTA	180.0	5	5
AGATGAG	180.0	7	7
TGTA	180.0	4	4
TTTAT	180.0	5	5
TAATTAAG	180.0	8	8
TCATTT	180.0	6	6
AA	180.0	2	2
AATAA	180.0	5	5
ATGG	180.0	4	4
GTTTCAA	180.0	7	7
TACTT	180.0	5	5
TTAAAAA	180.0	7	7
TTTA	180.0	4	4
GAGGTGA	180.0	7	7
GTGTGAA	180.0	7	7
CATAG	180.0	5	5
ATTTC	180.0	5	5
AATAATGA	180.0	8	8
TTTATT	180.0	6	6
CTCA	180.0	4	4
ACA	180.0	3	3
GTGATG	180.0	6	6
TTGTCGC	180.0	7	7
TTAGC	180.0	5	5
TTTAATAT	180.0	8	8
TATTACT	180.0	7	7
CAC	180.0	3	3
GAGTGAT	180.0	7	7
TATATCA	180.0	7	7
AAAACT	180.0	6	6
AAGGA	180.0	5	5
GTTTTAAA	180.0	8	8
TC	180.0	2	2
GATTA	180.0	5	5
TTTAAAT	180.0	7	7
AGCGCTTA	180.0	8	8
ATAAA	180.0	5	5
AGT	180.0	3	3
TTACAA	180.0	6	6
TTTCAT	180.0	6	6
ATTGG	180.0	5	5
TACTAC	180.0	6	6
AT	180.0	2	2
CTCT	180.0	4	4
ATTT	180.0	4	4
GTAGTT	180.0	6	6
AATTGA	180.0	6	6
AAA	180.0	3	3
GCCAC	180.0	5	5
CATCC	180.0	5	5
CTATT	180.0	5	5
TTCAAT	180.0	6	6
TAAATTA	180.0	7	7
TTTTGCG	180.0	7	7
AAAAT	180.0	5	5
AAATTAT	180.0	7	7
TCT	180.0	3	3
CGGAC	180.0	5	5
AAT	180.0	3	3
GGAAT	180.0	5	5
G	180.0	1	1
AAAATTA	180.0	7	7
CCC	180.0	3	3
TTTTA	180.0	5	5
CATT	180.0	4	4
GAAAAA	180.0	6	6
ATATG	180.0	5	5
TAAT	180.0	4	4
ACATGCC	180.0	7	7
ATTCA	180.0	5	5
TTTAGT	180.0	6	6
TAAATA	180.0	6	6
CAAAGCCT	180.0	8	8
CATGC	180.0	5	5
ATTC	180.0	4	4
TAACGCTT	180.0	8	8
AAATTTA	180.0	7	7
